{"cameraMode":{"drawMode":0,"name":"Shaded","section":"Shading Mode"},"sceneLighting":false,"audioPlay":false,"sceneViewState":{"showFog":true,"showMaterialUpdate":false,"showSkybox":true,"showFlares":true,"showImageEffects":true,"showParticleSystems":true},"in2DMode":false,"pivot":{"x":74.96087646484375,"y":-133.6607666015625,"z":90.26034545898438},"rotation":{"x":-0.7505397796630859,"y":0.07683054357767105,"z":-0.08866999298334122,"w":-0.6503266096115112},"size":164.36962890625,"orthographic":false}