{"cameraMode":{"drawMode":0,"name":"Shaded","section":"Shading Mode"},"sceneLighting":false,"audioPlay":false,"sceneViewState":{"showFog":true,"showMaterialUpdate":false,"showSkybox":true,"showFlares":true,"showImageEffects":true,"showParticleSystems":true},"in2DMode":false,"pivot":{"x":142.828369140625,"y":-433.38970947265627,"z":149.6875457763672},"rotation":{"x":-0.659887969493866,"y":-0.05796480178833008,"z":0.05117947235703468,"w":-0.7473745346069336},"size":609.1724243164063,"orthographic":false}