{"cameraMode":{"drawMode":0,"name":"Shaded","section":"Shading Mode"},"sceneLighting":false,"audioPlay":false,"sceneViewState":{"showFog":true,"showMaterialUpdate":false,"showSkybox":true,"showFlares":true,"showImageEffects":true,"showParticleSystems":true},"in2DMode":false,"pivot":{"x":26.004152297973634,"y":-48.23893356323242,"z":149.2917938232422},"rotation":{"x":-0.4894297122955322,"y":0.031899500638246539,"z":-0.01791980117559433,"w":-0.8712748885154724},"size":90.91991424560547,"orthographic":false}