{"cameraMode":{"drawMode":0,"name":"Shaded","section":"Shading Mode"},"sceneLighting":false,"audioPlay":false,"sceneViewState":{"showFog":true,"showMaterialUpdate":false,"showSkybox":true,"showFlares":true,"showImageEffects":true,"showParticleSystems":true},"in2DMode":false,"pivot":{"x":347.6857604980469,"y":-16.325531005859376,"z":207.24664306640626},"rotation":{"x":-0.3932710886001587,"y":0.02895389497280121,"z":-0.01239240076392889,"w":-0.9188830256462097},"size":213.47178649902345,"orthographic":false}