{"cameraMode":{"drawMode":0,"name":"Shaded","section":"Shading Mode"},"sceneLighting":false,"audioPlay":false,"sceneViewState":{"showFog":true,"showMaterialUpdate":false,"showSkybox":true,"showFlares":true,"showImageEffects":true,"showParticleSystems":true},"in2DMode":false,"pivot":{"x":10.568939208984375,"y":-45.48258972167969,"z":170.51988220214845},"rotation":{"x":-0.3110603392124176,"y":0.2128186672925949,"z":-0.07168561220169068,"w":-0.9234776496887207},"size":147.845703125,"orthographic":false}