{"cameraMode":{"drawMode":0,"name":"Shaded","section":"Shading Mode"},"sceneLighting":false,"audioPlay":false,"sceneViewState":{"showFog":true,"showMaterialUpdate":false,"showSkybox":true,"showFlares":true,"showImageEffects":true,"showParticleSystems":true},"in2DMode":false,"pivot":{"x":0.09235966205596924,"y":-0.5063395500183106,"z":0.4214925765991211},"rotation":{"x":-0.32871806621551516,"y":-0.048137716948986056,"z":0.016778863966464998,"w":-0.943051278591156},"size":4.0578837394714359,"orthographic":false}