{"cameraMode":{"drawMode":0,"name":"Shaded","section":"Shading Mode"},"sceneLighting":false,"audioPlay":false,"sceneViewState":{"showFog":true,"showMaterialUpdate":false,"showSkybox":true,"showFlares":true,"showImageEffects":true,"showParticleSystems":true},"in2DMode":false,"pivot":{"x":-0.9858040809631348,"y":0.24692916870117188,"z":3.1664814949035646},"rotation":{"x":-0.4077520966529846,"y":-0.1881580352783203,"z":0.0862700492143631,"w":-0.8893212676048279},"size":19.420162200927736,"orthographic":false}